Customer,Vendor,Package,From,To
782662715,Albayan,Monthly package,2019-11-13T19:40:41Z,
782888873,Albayan,Monthly package,2019-11-14T14:11:37Z,
782888874,Albayan,Monthly package,2019-11-14T14:13:49Z,
782100000,Albayan,Monthly package,2019-11-17T23:19:48Z,
779999724,Albayan,Monthly package,2019-11-18T19:10:35Z,
782887766,Albayan,Monthly package,2019-11-19T14:17:39Z,
776000001,Albayan,Monthly package,2019-11-19T16:05:28Z,
789999426,Albayan,Monthly package,2019-11-20T11:21:16Z,
789999598,Albayan,Monthly package,2019-11-20T11:52:53Z,
771200000,Albayan,Monthly package,2019-11-27T08:40:53Z,
771200001,Albayan,Monthly package,2019-11-27T08:45:08Z,
771200002,Albayan,Monthly package,2019-11-27T08:45:46Z,
771200003,Albayan,Monthly package,2019-11-27T08:47:34Z,
771200004,Albayan,Monthly package,2019-11-27T08:51:10Z,
771200005,Albayan,Monthly package,2019-11-27T08:53:08Z,
771200006,Albayan,Monthly package,2019-11-27T08:56:06Z,
771200007,Albayan,Monthly package,2019-11-27T10:07:09Z,
771200008,Albayan,Monthly package,2019-11-27T10:22:37Z,
